{
    "scenario": "human_helmet_standing_center_1",
    "n_snapshots": 5041,
    "snapshot_dimension": 1696,
    "components_90": 4,
    "components_95": 4,
    "components_99": 11,
    "first_20_eigenvalues": [
        5994527.5,
        4757917.0,
        4094824.75,
        3021401.75,
        20442.6484375,
        16961.9140625,
        15607.5,
        13775.6318359375,
        11429.0458984375,
        9483.3857421875,
        7935.4267578125,
        7679.18359375,
        7141.9013671875,
        6899.029296875,
        6594.38232421875,
        6321.8408203125,
        6109.388671875,
        5954.72998046875,
        5544.96728515625,
        5386.162109375
    ]
}