{
    "experiment": "music_luis_baseline_all_arrays",
    "scenario": "human_helmet_standing_center_1",
    "mean_target_position": [
        0.8214026633024297,
        3.5067394396886145,
        -0.5045609570007971
    ],
    "frequency_hz": 2472000000.0,
    "n_sources": 1,
    "array_results": [
        {
            "array_index": 0,
            "array_name": "espargosnorth",
            "true_aoa_deg": 6.560262880174191,
            "estimated_aoa_deg": 0.5,
            "angular_error_deg": 6.060262880174179,
            "n_sources": 1,
            "n_antennas": 4,
            "frequency_hz": 2472000000.0,
            "wavelength_m": 0.12127526618122977,
            "antenna_spacing_m": 0.06063763309061489,
            "eigenvalues": [
                2068587.75,
                1394416.25,
                621404.8125,
                474959.21875
            ],
            "spectrum_figure": "outputs/figures/music_spectrum_luis_baseline_array0.png"
        },
        {
            "array_index": 1,
            "array_name": "espargoswest",
            "true_aoa_deg": -4.7003007457404715,
            "estimated_aoa_deg": 62.25,
            "angular_error_deg": 66.95030074574049,
            "n_sources": 1,
            "n_antennas": 4,
            "frequency_hz": 2472000000.0,
            "wavelength_m": 0.12127526618122977,
            "antenna_spacing_m": 0.06063763309061489,
            "eigenvalues": [
                2218536.75,
                1237019.5,
                703944.125,
                369626.125
            ],
            "spectrum_figure": "outputs/figures/music_spectrum_luis_baseline_array1.png"
        },
        {
            "array_index": 2,
            "array_name": "espargossouth",
            "true_aoa_deg": -14.015682010721166,
            "estimated_aoa_deg": -16.75,
            "angular_error_deg": 2.7343179892788214,
            "n_sources": 1,
            "n_antennas": 4,
            "frequency_hz": 2472000000.0,
            "wavelength_m": 0.12127526618122977,
            "antenna_spacing_m": 0.06063763309061489,
            "eigenvalues": [
                2419033.25,
                1148613.875,
                667689.25,
                345678.59375
            ],
            "spectrum_figure": "outputs/figures/music_spectrum_luis_baseline_array2.png"
        },
        {
            "array_index": 3,
            "array_name": "espargoseast",
            "true_aoa_deg": -4.384058495888273,
            "estimated_aoa_deg": 39.0,
            "angular_error_deg": 43.38405849588827,
            "n_sources": 1,
            "n_antennas": 4,
            "frequency_hz": 2472000000.0,
            "wavelength_m": 0.12127526618122977,
            "antenna_spacing_m": 0.06063763309061489,
            "eigenvalues": [
                2323524.75,
                1586491.125,
                363815.9375,
                200123.296875
            ],
            "spectrum_figure": "outputs/figures/music_spectrum_luis_baseline_array3.png"
        }
    ],
    "mean_angular_error_deg": 29.78223502777044,
    "rmse_angular_error_deg": 40.027248789303094,
    "max_angular_error_deg": 66.95030074574049,
    "min_angular_error_deg": 2.7343179892788214
}