{
    "experiment": "pca_joint_vs_separate_music_without_crap",
    "scenario": "human_helmet_standing_center_1",
    "crap_enabled": false,
    "frequency_hz": 2472000000.0,
    "n_sources": 2,
    "mean_target_position": [
        0.8214026633024297,
        3.5067394396886145,
        -0.5045609570007971
    ],
    "baseline_music": {
        "n_sources": 2,
        "array_results": [
            {
                "array_index": 0,
                "array_name": "espargosnorth",
                "true_aoa_deg": 6.560262880174191,
                "estimated_aoa_deg": -3.75,
                "angular_error_deg": 10.310262880174179,
                "eigenvalues": [
                    2068587.75,
                    1394416.25,
                    621404.8125,
                    474959.21875
                ]
            },
            {
                "array_index": 1,
                "array_name": "espargoswest",
                "true_aoa_deg": -4.7003007457404715,
                "estimated_aoa_deg": -0.25,
                "angular_error_deg": 4.4503007457404635,
                "eigenvalues": [
                    2218536.75,
                    1237019.5,
                    703944.125,
                    369626.125
                ]
            },
            {
                "array_index": 2,
                "array_name": "espargossouth",
                "true_aoa_deg": -14.015682010721166,
                "estimated_aoa_deg": -17.5,
                "angular_error_deg": 3.4843179892788214,
                "eigenvalues": [
                    2419033.25,
                    1148613.875,
                    667689.25,
                    345678.59375
                ]
            },
            {
                "array_index": 3,
                "array_name": "espargoseast",
                "true_aoa_deg": -4.384058495888273,
                "estimated_aoa_deg": 38.75,
                "angular_error_deg": 43.13405849588827,
                "eigenvalues": [
                    2323524.75,
                    1586491.125,
                    363815.9375,
                    200123.296875
                ]
            }
        ],
        "mean_angular_error_deg": 15.344735027770433,
        "rmse_angular_error_deg": 22.35393797277651,
        "max_angular_error_deg": 43.13405849588827,
        "min_angular_error_deg": 3.4843179892788214
    },
    "pca_joint_results": [
        {
            "n_sources": 2,
            "array_results": [
                {
                    "array_index": 0,
                    "array_name": "espargosnorth",
                    "true_aoa_deg": 6.560262880174191,
                    "estimated_aoa_deg": -3.75,
                    "angular_error_deg": 10.310262880174179,
                    "eigenvalues": [
                        1985952.375,
                        1254472.5,
                        507954.59375,
                        385481.78125
                    ]
                },
                {
                    "array_index": 1,
                    "array_name": "espargoswest",
                    "true_aoa_deg": -4.7003007457404715,
                    "estimated_aoa_deg": 65.75,
                    "angular_error_deg": 70.45030074574049,
                    "eigenvalues": [
                        2148697.25,
                        1159262.75,
                        624398.625,
                        299968.15625
                    ]
                },
                {
                    "array_index": 2,
                    "array_name": "espargossouth",
                    "true_aoa_deg": -14.015682010721166,
                    "estimated_aoa_deg": -16.75,
                    "angular_error_deg": 2.7343179892788214,
                    "eigenvalues": [
                        2170093.75,
                        1070022.25,
                        566441.5,
                        285822.5
                    ]
                },
                {
                    "array_index": 3,
                    "array_name": "espargoseast",
                    "true_aoa_deg": -4.384058495888273,
                    "estimated_aoa_deg": 39.75,
                    "angular_error_deg": 44.13405849588827,
                    "eigenvalues": [
                        2119545.25,
                        1354830.5,
                        310851.71875,
                        154752.453125
                    ]
                }
            ],
            "mean_angular_error_deg": 31.90723502777044,
            "rmse_angular_error_deg": 41.907153357179254,
            "max_angular_error_deg": 70.45030074574049,
            "min_angular_error_deg": 2.7343179892788214,
            "pca_variance": 0.9,
            "pca_components": 7,
            "pca_cumulative_variance": 0.9037920236587524
        },
        {
            "n_sources": 2,
            "array_results": [
                {
                    "array_index": 0,
                    "array_name": "espargosnorth",
                    "true_aoa_deg": 6.560262880174191,
                    "estimated_aoa_deg": -3.75,
                    "angular_error_deg": 10.310262880174179,
                    "eigenvalues": [
                        2046139.375,
                        1374580.0,
                        605120.375,
                        459310.09375
                    ]
                },
                {
                    "array_index": 1,
                    "array_name": "espargoswest",
                    "true_aoa_deg": -4.7003007457404715,
                    "estimated_aoa_deg": -0.25,
                    "angular_error_deg": 4.4503007457404635,
                    "eigenvalues": [
                        2200571.25,
                        1221770.375,
                        689160.5625,
                        353650.53125
                    ]
                },
                {
                    "array_index": 2,
                    "array_name": "espargossouth",
                    "true_aoa_deg": -14.015682010721166,
                    "estimated_aoa_deg": -17.5,
                    "angular_error_deg": 3.4843179892788214,
                    "eigenvalues": [
                        2400875.75,
                        1131986.5,
                        645402.625,
                        327434.5625
                    ]
                },
                {
                    "array_index": 3,
                    "array_name": "espargoseast",
                    "true_aoa_deg": -4.384058495888273,
                    "estimated_aoa_deg": 38.75,
                    "angular_error_deg": 43.13405849588827,
                    "eigenvalues": [
                        2307150.75,
                        1570400.125,
                        349706.53125,
                        186815.1875
                    ]
                }
            ],
            "mean_angular_error_deg": 15.344735027770433,
            "rmse_angular_error_deg": 22.35393797277651,
            "max_angular_error_deg": 43.13405849588827,
            "min_angular_error_deg": 3.4843179892788214,
            "pca_variance": 0.95,
            "pca_components": 8,
            "pca_cumulative_variance": 0.984926700592041
        },
        {
            "n_sources": 2,
            "array_results": [
                {
                    "array_index": 0,
                    "array_name": "espargosnorth",
                    "true_aoa_deg": 6.560262880174191,
                    "estimated_aoa_deg": -3.75,
                    "angular_error_deg": 10.310262880174179,
                    "eigenvalues": [
                        2057683.75,
                        1383463.25,
                        608908.625,
                        463431.625
                    ]
                },
                {
                    "array_index": 1,
                    "array_name": "espargoswest",
                    "true_aoa_deg": -4.7003007457404715,