{
    "experiment": "kpca_r_validation",
    "split": "validation",
    "train_clusters": 333,
    "validation_clusters": 111,
    "baseline": {
        "mae_global": 4.676210893533499,
        "mae_by_array": {
            "0": 2.6674386639568484,
            "1": 5.47115039220626,
            "2": 7.030762678271862,
            "3": 3.5354918396990263
        }
    },
    "pca_r_k12": {
        "mae_global": 4.520034405029564,
        "mae_by_array": {
            "0": 2.824240503357783,
            "1": 4.697548335201954,
            "2": 7.02877233652427,
            "3": 3.529576445034256
        }
    },
    "kpca_r_poly_degree3_k8": {
        "mae_global": 5.81342784824661,
        "mae_by_array": {
            "0": 3.0630357673863657,
            "1": 6.169915366583038,
            "2": 6.702077557259331,
            "3": 7.318682701757707
        }
    },
    "elapsed_seconds": 2.1516061000002082
}