{
    "experiment": "pca_r_test",
    "split": "test",
    "baseline": {
        "mae_global": 4.68879975056296,
        "mae_by_array": {
            "0": 3.4353648850136103,
            "1": 4.1310092634060265,
            "2": 6.11798334380575,
            "3": 5.0708415100264554
        }
    },
    "pca_r_k12": {
        "mae_global": 4.56136503602583,
        "mae_by_array": {
            "0": 3.4167047124913554,
            "1": 3.9885724128854796,
            "2": 6.065907170502707,
            "3": 4.774275848223776
        }
    },
    "gain_deg": 0.12743471453712996,
    "gain_percent": 2.717853636675986,
    "compression_ratio": 2.6666666666666665,
    "elapsed_seconds": 1.9580208000006678
}