{
    "experiment": "pca_r_noise_subspace_distribution",
    "split": "test",
    "pca_components": 12,
    "samples": 448,
    "mean_principal_angle_deg": {
        "mean": 2.053553204418027,
        "median": 1.6599162817001343,
        "p90": 3.7330379486083998,
        "p95": 4.819930195808411,
        "p99": 6.8546711730957,
        "max": 17.130693435668945
    },
    "max_principal_angle_deg": {
        "mean": 6.160641313264413,
        "median": 4.979734420776367,
        "p90": 11.199099826812748,
        "p95": 14.4597740650177,
        "p99": 20.564007320404045,
        "max": 51.392066955566406
    },
    "histogram_mean_angle": {
        "bins": [
            0,
            1,
            2,
            3,
            4,
            5,
            10,
            20,
            40,
            90
        ],
        "counts": [
            90,
            191,
            82,
            47,
            17,
            20,
            1,
            0,
            0
        ]
    },
    "elapsed_seconds": 1.9327015999988362
}